INSERT INTO Student (
    studentid,firstname,enrollmentdate,gender,lastname,classyear
)
VALUES
('29997459','LINDA','2016-08-26','FEMALE','VASAVONG','2020'),
('29995858','MATTHEW','2016-08-26','MALE','KOO','2020'),
('28885346','SPENCER','2016-08-26','MALE','LEONARDI','2020'),
('43657829','TOTORO','2012-12-10','MALE','GHIBLI','2022'),
('12345678','AMARA','2015-08-24','FEMALE','CHRISTIAN','2019'),
('98765432','AMARI','1984-07-11','FEMALE','CROSS','1990'),
('19238909','MARIA','2009-02-20','FEMALE','BALDWIN','2016'),
('23129092','CARLOS','2018-02-01','MALE','DALTON','2022'),
('39182390','ALIANNA','2017-09-09','FEMALE','LOWE','2021'),
('59812930','BLAINE','2016-09-09','MALE','SUMMERS','2020'),
('12389021','JAIR','2012-06-11','FEMALE','VELAZQUEZ','2016');

INSERT INTO Activity (
    activityname,activityday,starttime,endtime
)
VALUES
('TENNIS','MONDAY','12:35','15:20'),
('FOOTBALL','TUESDAY','17:00','19:00'),
('RUNNING','WEDNESDAY','9:25','11:55'),
('GAMING','FRIDAY','19:00','20:00'),
('SWIMMING','THURSDAY','16:00','18:00'),
('BASKETBALL','TUESDAY','10:00','12:00'),
('SOCCER','SATURDAY','12:00','15:30'),
('FISHING','SUNDAY','9:00','11:00'),
('GARDENING','SUNDAY','12:00','14:00'),
('PAINTING','SUNDAY','15:00','19:00');

INSERT INTO Instructor (
    instructorid,firstname,lastname
)
VALUES
('11234567','EUSTRAT','ZHUPA'),
('11223344','JACK','MA'),
('22222222','BILL','GATES'),
('34323432','ELON','MUSK'),
('49786756','JACK','BLACK'),
('97534680','COHEN','BALDWIN'),
('10101010','OSCAR','MCKNIGHT'),
('11827364','SANTA','CLAUS'),
('13311331','LINDA','CLAUS'),
('15432166','MYLES','HICKS');

INSERT INTO Course (
    courseid,courseday,coursename,starttime,endtime,instructorid
)
VALUES
('123456','MONDAY','ACC101','15:25','16:25','11223344'),
('123456','WEDNESDAY','ACC101','15:25','16:25','11223344'),
('123810','MONDAY','CSC101','16:30','17:30','49786756'),
('123810','WEDNESDAY','CSC101','16:30','17:30','49786756'),
('367230','MONDAY','CSC201','17:30','18:30','13311331'),
('367230','WEDNESDAY','CSC201','17:30','18:30','13311331'),
('367230','FRIDAY','CSC201','17:30','18:30','13311331'),
('293810','MONDAY','PSY101','13:00','14:00','10101010'),
('293810','WEDNESDAY','PSY101','13:00','14:00','10101010'),
('293810','FRIDAY','PSY101','13:00','14:00','10101010'),
('123910','MONDAY','BIO101','13:00','14:00','13311331'),
('123910','WEDNESDAY','BIO101','13:00','14:00','13311331'),
('123910','FRIDAY','BIO101','13:00','14:00','13311331'),
('519283','MONDAY','ECO101','09:00','10:00','34323432'),
('519283','WEDNESDAY','ECO101','09:00','10:00','34323432'),
('111111','MONDAY','STT102','14:00','16:00','34323432'),
('111111','WEDNESDAY','STT102','14:00','16:00','34323432'),
('111111','FRIDAY','STT102','14:00','16:00','34323432'),
('391823','TUESDAY','MTH201','10:00','11:00','49786756'),
('391823','THURSDAY','MTH201','10:00','11:00','49786756'),
('456789','TUESDAY','CHM201','10:00','11:00','15432166'),
('456789','THURSDAY','CHM201','10:00','11:00','15432166'),
('234234','TUESDAY','AME102','09:00','10:15','97534680'),
('234234','THURSDAY','AME102','09:00','10:15','97534680'),
('454545','TUESDAY','PHL123','13:00','14:15','11827364'),
('454545','THURSDAY','PHL123','13:00','14:15','11827364'),
('123900','TUESDAY','CHM101','15:00','16:15','15432166'),
('123900','THURSDAY','CHM101','15:00','16:15','15432166'),
('923891','MONDAY','MKT101','08:00','09:00','11234567'),
('923891','WEDNESDAY','MKT101','08:00','09:00','11234567'),
('372819','MONDAY','PHL200','09:00','10:15','11827364'),
('372819','WEDNESDAY','PHL200','09:00','10:15','11827364');

INSERT INTO Currentlytakes (
    studentid,courseid,courseday
)
VALUES
('29997459','123456','MONDAY'),
('29997459','123456','WEDNESDAY'),
('29995858','123456','MONDAY'),
('29995858','123456','WEDNESDAY'),
('28885346','123910','MONDAY'),
('28885346','123910','WEDNESDAY'),
('28885346','123910','FRIDAY'),
('23129092','456789','TUESDAY'),
('23129092','456789','THURSDAY'),
('43657829','519283','MONDAY'),
('43657829','519283','WEDNESDAY'),
('59812930','391823','TUESDAY'),
('59812930','391823','THURSDAY'),
('39182390','123810','MONDAY'),
('39182390','123810','WEDNESDAY'),
('12345678','391823','TUESDAY'),
('12345678','391823','THURSDAY'),
('29997459','123810','MONDAY'),
('29997459','123810','WEDNESDAY'),
('29995858','367230','MONDAY'),
('29995858','367230','WEDNESDAY'),
('29995858','367230','FRIDAY'),
('28885346','519283','MONDAY'),
('28885346','519283','WEDNESDAY'),
('23129092','454545','TUESDAY'),
('23129092','454545','THURSDAY'),
('43657829','111111','MONDAY'),
('43657829','111111','WEDNESDAY'),
('43657829','111111','FRIDAY'),
('59812930','519283','MONDAY'),
('59812930','519283','WEDNESDAY'),
('39182390','293810','MONDAY'),
('39182390','293810','WEDNESDAY'),
('39182390','293810','FRIDAY'),
('12345678','519283','MONDAY'),
('12345678','519283','WEDNESDAY'),
('29997459','456789','TUESDAY'),
('29997459','456789','THURSDAY'),
('29995858','123910','MONDAY'),
('29995858','123910','WEDNESDAY'),
('29995858','123910','FRIDAY'),
('28885346','123810','MONDAY'),
('28885346','123810','WEDNESDAY'),
('23129092','293810','MONDAY'),
('23129092','293810','WEDNESDAY'),
('23129092','293810','FRIDAY'),
('43657829','123810','MONDAY'),
('43657829','123810','WEDNESDAY'),
('59812930','123456','MONDAY'),
('59812930','123456','WEDNESDAY'),
('39182390','519283','MONDAY'),
('39182390','519283','WEDNESDAY'),
('12345678','123456','MONDAY'),
('12345678','123456','WEDNESDAY'),
('29997459','519283','MONDAY'),
('29997459','519283','WEDNESDAY'),
('29995858','234234','TUESDAY'),
('29995858','234234','THURSDAY'),
('28885346','234234','TUESDAY'),
('28885346','234234','THURSDAY'),
('23129092','123810','MONDAY'),
('23129092','123810','WEDNESDAY'),
('43657829','234234','TUESDAY'),
('43657829','234234','THURSDAY'),
('59812930','367230','MONDAY'),
('59812930','367230','WEDNESDAY'),
('59812930','367230','FRIDAY'),
('39182390','234234','TUESDAY'),
('39182390','234234','THURSDAY'),
('12345678','367230','MONDAY'),
('12345678','367230','WEDNESDAY'),
('12345678','367230','FRIDAY');

INSERT INTO Major (
    studentid,major
)
VALUES
('29997459','CSC'),
('29995858','CSC'),
('28885346','DSC'),
('43657829','PSC'),
('12345678','ECO'),
('98765432','BIO'),
('19238909','CHM'),
('23129092','STT'),
('39182390','AME'),
('59812930','BIO'),
('12389021','PSY');

INSERT INTO Minor (
    studentid,minor
)
VALUES
('29997459','PHL'),
('29995858','ECO'),
('28885346','AME'),
('43657829','ECO'),
('12345678','CHM'),
('98765432','CHM'),
('19238909','STT'),
('23129092','CSC'),
('39182390','ECE'),
('59812930','PSY'),
('12389021','PHL');

INSERT INTO Participatesin (
    studentid,activityname,activityday
)
VALUES
('29997459','TENNIS','MONDAY'),
('29995858','RUNNING','WEDNESDAY'),
('28885346','GAMING','FRIDAY'),
('23129092','RUNNING','WEDNESDAY'),
('43657829','SWIMMING','THURSDAY'),
('59812930','GARDENING','SUNDAY'),
('39182390','SOCCER','SATURDAY'),
('12345678','PAINTING','SUNDAY');